{"stats":{"minecraft:mined":{"minecraft:deepslate_diamond_ore":2,"minecraft:cobblestone_stairs":3,"minecraft:crafting_table":6,"minecraft:torch":2,"immersive_weathering:birch_leaf_pile":3,"minecraft:grass_block":2,"minecraft:cobblestone":1,"minecraft:copper_ore":15,"minecraft:diorite":8,"minecraft:wall_torch":2,"minecraft:birch_planks":4,"minecraft:furnace":5,"minecraft:birch_log":20,"minecraft:iron_ore":30,"minecraft:birch_leaves":1,"minecraft:andesite":4,"minecraft:grass":2,"minecraft:coal_ore":39,"minecraft:gravel":7,"minecraft:raw_copper_block":2,"minecraft:stone":133,"minecraft:deepslate":1},"minecraft:dropped":{"minecraft:gravel":1,"byg:biomepedia":1,"minecraft:stone_axe":3,"minecraft:cooked_beef":3,"alexsmobs:animal_dictionary":1,"minecraft:crafting_table":1,"minecraft:rotten_flesh":2,"minecraft:leather":1,"minecraft:cooked_mutton":1,"minecraft:pumpkin_seeds":1,"minecraft:stick":3,"minecraft:dirt":1,"magistuarmory:steel_heatershield":1,"tconstruct:materials_and_you":1,"minecraft:torch":6,"magistuarmory:steel_ingot":1,"minecraft:stone_pickaxe":1,"minecraft:iron_pickaxe":1},"minecraft:picked_up":{"minecraft:birch_log":29,"minecraft:crafting_table":6,"minecraft:chainmail_boots":1,"minecraft:andesite":6,"minecraft:leather":7,"minecraft:birch_planks":46,"minecraft:gunpowder":6,"minecraft:cobblestone_stairs":3,"minecraft:dirt":32,"minecraft:raw_copper":47,"minecraft:bone":14,"minecraft:gold_nugget":3,"minecraft:cobbled_deepslate":1,"minecraft:bucket":1,"minecraft:stone_pickaxe":2,"minecraft:beef":10,"minecraft:iron_pickaxe":2,"minecraft:birch_sapling":3,"minecraft:raw_copper_block":2,"minecraft:furnace":5,"minecraft:stick":9,"minecraft:raw_iron":39,"minecraft:torch":10,"minecraft:gravel":22,"minecraft:diorite":9,"minecraft:stone_sword":1,"minecraft:pumpkin_seeds":1,"minecraft:stone_shovel":1,"minecraft:rotten_flesh":2,"minecraft:diamond":4,"minecraft:stone_axe":3,"minecraft:iron_block":1,"minecraft:black_wool":1,"minecraft:mutton":5,"minecraft:coal":99,"minecraft:white_wool":4,"minecraft:cobblestone":149},"minecraft:broken":{"minecraft:stone_pickaxe":1},"minecraft:killed":{"mozombies_wave:zombie_creeper":1,"minecraft:skeleton":3,"minecraft:sheep":3,"mozombies_wave:zombie_pa":3,"minecraft:zombie":2,"changed:latex_raccoon":1,"mozombies_wave:zombie_pirate":1,"minecraft:cow":4},"minecraft:used":{"minecraft:cooked_mutton":2,"minecraft:water_bucket":2,"minecraft:stone_sword":22,"minecraft:cobblestone_stairs":31,"minecraft:birch_planks":10,"minecraft:stone_shovel":4,"minecraft:stone_pickaxe":194,"minecraft:wooden_pickaxe":14,"magistuarmory:wood_heatershield":1,"minecraft:torch":7,"minecraft:dirt":4,"minecraft:crafting_table":7,"minecraft:blast_furnace":1,"minecraft:wooden_axe":4,"minecraft:iron_pickaxe":42,"minecraft:gravel":2,"minecraft:stone_axe":56,"minecraft:cobblestone":19,"minecraft:chainmail_boots":1,"minecraft:furnace":6,"minecraft:bucket":2,"magistuarmory:knight_chestplate":1,"minecraft:andesite":5,"minecraft:cooked_beef":7},"minecraft:crafted":{"minecraft:cooked_beef":10,"minecraft:smooth_stone":3,"minecraft:stone_shovel":1,"minecraft:crafting_table":2,"minecraft:wooden_pickaxe":1,"magistuarmory:wood_heatershield":2,"minecraft:furnace":2,"minecraft:blast_furnace":1,"magistuarmory:knight_chestplate":1,"minecraft:cobblestone_stairs":28,"minecraft:stone":3,"minecraft:bucket":1,"minecraft:birch_planks":80,"minecraft:stone_axe":4,"minecraft:raw_copper_block":3,"minecraft:cooked_mutton":3,"minecraft:air":0,"magistuarmory:halfarmor_chestplate":1,"magistuarmory:steel_heatershield":2,"minecraft:raw_copper":9,"magistuarmory:steel_ingot":26,"minecraft:stick":24,"minecraft:iron_ingot":44,"minecraft:iron_pickaxe":1,"minecraft:stone_pickaxe":4,"minecraft:wooden_axe":1,"minecraft:iron_block":1,"minecraft:torch":8,"magistuarmory:steel_plate":8},"minecraft:custom":{"minecraft:interact_with_furnace":44,"minecraft:mob_kills":16,"minecraft:interact_with_crafting_table":48,"minecraft:time_since_death":1162,"minecraft:time_since_rest":1216,"minecraft:sprint_one_cm":78396,"minecraft:damage_taken":1278,"minecraft:walk_one_cm":178894,"minecraft:damage_blocked_by_shield":10,"minecraft:drop":28,"minecraft:damage_dealt":2527,"minecraft:swim_one_cm":21822,"minecraft:fly_one_cm":47027,"minecraft:open_chest":4,"minecraft:crouch_one_cm":2994,"minecraft:deaths":2,"minecraft:play_time":77280,"minecraft:sneak_time":1076,"minecraft:walk_under_water_one_cm":14008,"minecraft:jump":622,"minecraft:interact_with_blast_furnace":27,"minecraft:walk_on_water_one_cm":13322,"minecraft:total_world_time":77280,"minecraft:fall_one_cm":10972},"minecraft:killed_by":{"alexsmobs:centipede_head":1,"minecraft:skeleton":1}},"DataVersion":2975}