{"stats":{"minecraft:mined":{"minecraft:deepslate_diamond_ore":2,"minecraft:cobblestone_stairs":3,"minecraft:crafting_table":6,"minecraft:torch":2,"immersive_weathering:birch_leaf_pile":3,"minecraft:grass_block":2,"minecraft:cobblestone":1,"minecraft:copper_ore":15,"minecraft:diorite":8,"minecraft:wall_torch":2,"minecraft:birch_planks":4,"minecraft:furnace":5,"minecraft:birch_log":20,"minecraft:iron_ore":30,"minecraft:birch_leaves":1,"minecraft:andesite":4,"minecraft:grass":2,"minecraft:coal_ore":39,"minecraft:gravel":7,"minecraft:raw_copper_block":2,"minecraft:stone":133,"minecraft:deepslate":1},"minecraft:dropped":{"minecraft:gravel":1,"byg:biomepedia":1,"minecraft:stone_axe":3,"minecraft:cooked_beef":3,"alexsmobs:animal_dictionary":1,"minecraft:crafting_table":1,"minecraft:rotten_flesh":2,"minecraft:leather":1,"minecraft:cooked_mutton":1,"minecraft:pumpkin_seeds":1,"minecraft:stick":3,"minecraft:dirt":1,"magistuarmory:steel_heatershield":1,"tconstruct:materials_and_you":1,"minecraft:torch":6,"magistuarmory:steel_ingot":1,"minecraft:stone_pickaxe":1,"minecraft:iron_pickaxe":1},"minecraft:picked_up":{"minecraft:birch_log":29,"minecraft:crafting_table":6,"minecraft:chainmail_boots":2,"minecraft:andesite":7,"minecraft:leather":10,"minecraft:wooden_pickaxe":1,"minecraft:birch_planks":46,"minecraft:gunpowder":8,"minecraft:cobblestone_stairs":3,"minecraft:dirt":41,"minecraft:raw_copper":47,"minecraft:bone":14,"minecraft:spore_blossom":2,"minecraft:gold_nugget":3,"minecraft:cobbled_deepslate":2,"minecraft:bucket":1,"minecraft:stone_pickaxe":3,"minecraft:beef":10,"magistuarmory:steel_heatershield":2,"minecraft:iron_pickaxe":2,"minecraft:birch_sapling":3,"minecraft:raw_copper_block":2,"minecraft:furnace":5,"minecraft:stick":9,"minecraft:raw_iron":39,"minecraft:torch":14,"magistuarmory:knight_chestplate":2,"minecraft:gravel":60,"minecraft:diorite":27,"minecraft:stone_sword":1,"minecraft:pumpkin_seeds":1,"magistuarmory:steel_ingot":1,"minecraft:stone_shovel":1,"minecraft:rotten_flesh":4,"magistuarmory:steel_plate":1,"minecraft:diamond":8,"minecraft:stone_axe":8,"minecraft:iron_block":1,"minecraft:black_wool":2,"minecraft:mutton":5,"minecraft:coal":165,"minecraft:wooden_axe":1,"minecraft:white_wool":6,"minecraft:cobblestone":193},"minecraft:broken":{"minecraft:stone_pickaxe":1},"minecraft:killed":{"mozombies_wave:zombie_creeper":1,"minecraft:creeper":1,"minecraft:skeleton":3,"minecraft:sheep":3,"mozombies_wave:zombie_pa":4,"minecraft:zombie":2,"changed:latex_bee":1,"changed:latex_raccoon":1,"mozombies_wave:zombie_pirate":1,"minecraft:cow":4},"minecraft:used":{"minecraft:cooked_mutton":2,"minecraft:water_bucket":2,"minecraft:stone_sword":22,"minecraft:cobblestone_stairs":31,"minecraft:birch_planks":10,"minecraft:stone_shovel":4,"minecraft:stone_pickaxe":206,"minecraft:wooden_pickaxe":14,"magistuarmory:wood_heatershield":1,"minecraft:torch":7,"minecraft:dirt":4,"minecraft:crafting_table":7,"minecraft:blast_furnace":1,"minecraft:wooden_axe":4,"minecraft:iron_pickaxe":42,"minecraft:gravel":2,"minecraft:stone_axe":64,"minecraft:cobblestone":19,"minecraft:chainmail_boots":1,"minecraft:furnace":6,"minecraft:bucket":2,"magistuarmory:knight_chestplate":2,"minecraft:andesite":5,"minecraft:cooked_beef":7},"minecraft:crafted":{"minecraft:cooked_beef":10,"minecraft:smooth_stone":3,"minecraft:stone_shovel":1,"minecraft:crafting_table":2,"minecraft:wooden_pickaxe":1,"magistuarmory:wood_heatershield":2,"minecraft:furnace":2,"minecraft:blast_furnace":1,"magistuarmory:knight_chestplate":1,"minecraft:cobblestone_stairs":28,"minecraft:stone":3,"minecraft:bucket":1,"minecraft:birch_planks":80,"minecraft:stone_axe":4,"minecraft:raw_copper_block":3,"minecraft:cooked_mutton":3,"minecraft:air":0,"magistuarmory:halfarmor_chestplate":1,"magistuarmory:steel_heatershield":2,"minecraft:raw_copper":9,"magistuarmory:steel_ingot":26,"minecraft:stick":24,"minecraft:iron_ingot":44,"minecraft:iron_pickaxe":1,"minecraft:stone_pickaxe":4,"minecraft:wooden_axe":1,"minecraft:iron_block":1,"minecraft:torch":8,"magistuarmory:steel_plate":8},"minecraft:custom":{"minecraft:interact_with_furnace":44,"minecraft:mob_kills":19,"minecraft:interact_with_crafting_table":48,"minecraft:leave_game":1,"minecraft:time_since_death":237,"minecraft:time_since_rest":289,"minecraft:sprint_one_cm":86725,"minecraft:damage_taken":1763,"minecraft:walk_one_cm":193022,"minecraft:damage_blocked_by_shield":10,"minecraft:drop":28,"minecraft:damage_dealt":3250,"minecraft:swim_one_cm":25936,"minecraft:fly_one_cm":54472,"minecraft:open_chest":4,"minecraft:crouch_one_cm":2994,"minecraft:deaths":4,"minecraft:play_time":80327,"minecraft:sneak_time":1357,"minecraft:walk_under_water_one_cm":18715,"minecraft:jump":673,"minecraft:interact_with_blast_furnace":27,"minecraft:walk_on_water_one_cm":17085,"minecraft:total_world_time":80327,"minecraft:fall_one_cm":12450},"minecraft:killed_by":{"alexsmobs:centipede_head":1,"minecraft:skeleton":1,"minecraft:creeper":1,"mozombies_wave:zombie_pa":1}},"DataVersion":2975}