{"stats":{"minecraft:mined":{"minecraft:cobblestone_stairs":3,"minecraft:crafting_table":6,"minecraft:torch":2,"immersive_weathering:birch_leaf_pile":3,"minecraft:grass_block":1,"minecraft:cobblestone":1,"minecraft:copper_ore":6,"minecraft:diorite":8,"minecraft:wall_torch":2,"minecraft:birch_planks":3,"minecraft:furnace":5,"minecraft:birch_log":20,"minecraft:iron_ore":30,"minecraft:birch_leaves":1,"minecraft:andesite":4,"minecraft:grass":2,"minecraft:coal_ore":39,"minecraft:gravel":7,"minecraft:raw_copper_block":2,"minecraft:stone":133},"minecraft:dropped":{"minecraft:gravel":1,"byg:biomepedia":1,"minecraft:stone_axe":2,"minecraft:cooked_beef":3,"alexsmobs:animal_dictionary":1,"minecraft:crafting_table":1,"minecraft:rotten_flesh":2,"minecraft:leather":1,"minecraft:pumpkin_seeds":1,"magistuarmory:steel_heatershield":1,"tconstruct:materials_and_you":1,"minecraft:torch":3,"magistuarmory:steel_ingot":1,"minecraft:stone_pickaxe":1},"minecraft:picked_up":{"minecraft:birch_log":20,"minecraft:crafting_table":6,"minecraft:andesite":6,"minecraft:leather":5,"minecraft:birch_planks":5,"minecraft:gunpowder":2,"minecraft:cobblestone_stairs":3,"minecraft:dirt":1,"minecraft:raw_copper":21,"minecraft:bone":2,"minecraft:beef":10,"minecraft:birch_sapling":2,"minecraft:raw_copper_block":2,"minecraft:furnace":5,"minecraft:stick":3,"minecraft:raw_iron":39,"minecraft:torch":7,"minecraft:gravel":7,"minecraft:diorite":9,"minecraft:stone_sword":1,"minecraft:pumpkin_seeds":1,"minecraft:rotten_flesh":2,"minecraft:stone_axe":1,"minecraft:black_wool":1,"minecraft:mutton":5,"minecraft:coal":39,"minecraft:white_wool":2,"minecraft:cobblestone":127},"minecraft:broken":{"minecraft:stone_pickaxe":1},"minecraft:killed":{"mozombies_wave:zombie_creeper":1,"minecraft:skeleton":2,"minecraft:sheep":3,"mozombies_wave:zombie_pa":1,"minecraft:zombie":1,"changed:latex_raccoon":1,"minecraft:cow":4},"minecraft:used":{"minecraft:cobblestone_stairs":31,"minecraft:stone_shovel":4,"minecraft:stone_pickaxe":192,"minecraft:wooden_pickaxe":14,"magistuarmory:wood_heatershield":1,"minecraft:torch":7,"minecraft:crafting_table":6,"minecraft:blast_furnace":1,"minecraft:wooden_axe":4,"minecraft:iron_pickaxe":27,"minecraft:gravel":2,"minecraft:stone_axe":55,"minecraft:cobblestone":17,"minecraft:furnace":6,"magistuarmory:knight_chestplate":1,"minecraft:andesite":5,"minecraft:cooked_beef":4},"minecraft:crafted":{"minecraft:cooked_beef":10,"minecraft:smooth_stone":3,"minecraft:stone_shovel":1,"minecraft:crafting_table":1,"minecraft:wooden_pickaxe":1,"magistuarmory:wood_heatershield":2,"minecraft:furnace":2,"minecraft:blast_furnace":1,"magistuarmory:knight_chestplate":1,"minecraft:cobblestone_stairs":28,"minecraft:stone":3,"minecraft:birch_planks":80,"minecraft:stone_axe":4,"minecraft:raw_copper_block":3,"minecraft:cooked_mutton":3,"minecraft:air":0,"magistuarmory:halfarmor_chestplate":1,"magistuarmory:steel_heatershield":2,"minecraft:raw_copper":9,"magistuarmory:steel_ingot":26,"minecraft:stick":24,"minecraft:iron_ingot":44,"minecraft:iron_pickaxe":1,"minecraft:stone_pickaxe":4,"minecraft:wooden_axe":1,"minecraft:iron_block":1,"minecraft:torch":8,"magistuarmory:steel_plate":8},"minecraft:custom":{"minecraft:interact_with_furnace":44,"minecraft:mob_kills":11,"minecraft:interact_with_crafting_table":44,"minecraft:time_since_death":65280,"minecraft:time_since_rest":65280,"minecraft:sprint_one_cm":50880,"minecraft:damage_taken":280,"minecraft:walk_one_cm":153121,"minecraft:damage_blocked_by_shield":10,"minecraft:drop":20,"minecraft:damage_dealt":1580,"minecraft:swim_one_cm":1040,"minecraft:fly_one_cm":28086,"minecraft:open_chest":4,"minecraft:crouch_one_cm":2331,"minecraft:play_time":65280,"minecraft:sneak_time":777,"minecraft:walk_under_water_one_cm":2239,"minecraft:jump":456,"minecraft:interact_with_blast_furnace":26,"minecraft:walk_on_water_one_cm":1971,"minecraft:total_world_time":65280,"minecraft:fall_one_cm":6897}},"DataVersion":2975}