{"stats":{"minecraft:mined":{"minecraft:furnace":2,"minecraft:iron_ore":2,"minecraft:birch_log":20,"minecraft:birch_leaves":1,"minecraft:crafting_table":3,"immersive_weathering:birch_leaf_pile":3,"minecraft:grass":2,"minecraft:grass_block":1,"minecraft:coal_ore":3,"minecraft:gravel":1,"minecraft:stone":41},"minecraft:dropped":{"byg:biomepedia":1,"minecraft:stone_axe":2,"tconstruct:materials_and_you":1,"alexsmobs:animal_dictionary":1,"minecraft:leather":1,"minecraft:stone_pickaxe":1},"minecraft:picked_up":{"minecraft:birch_log":20,"minecraft:raw_iron":2,"minecraft:stick":2,"minecraft:crafting_table":3,"minecraft:leather":5,"minecraft:gravel":1,"minecraft:dirt":1,"minecraft:stone_axe":1,"minecraft:beef":10,"minecraft:coal":3,"minecraft:black_wool":1,"minecraft:mutton":5,"minecraft:birch_sapling":2,"minecraft:white_wool":2,"minecraft:cobblestone":41,"minecraft:furnace":2},"minecraft:killed":{"minecraft:sheep":3,"mozombies_wave:zombie_pa":1,"mozombies_wave:zombie_creeper":1,"minecraft:cow":4},"minecraft:used":{"minecraft:wooden_axe":4,"minecraft:stone_pickaxe":34,"minecraft:wooden_pickaxe":14,"minecraft:stone_axe":36,"minecraft:crafting_table":3,"minecraft:furnace":2,"minecraft:cooked_beef":2},"minecraft:crafted":{"minecraft:cooked_beef":3,"minecraft:crafting_table":1,"minecraft:stick":20,"minecraft:wooden_axe":1,"minecraft:wooden_pickaxe":1,"minecraft:stone_pickaxe":4,"minecraft:furnace":1,"minecraft:birch_planks":80,"minecraft:stone_axe":4,"minecraft:cooked_mutton":3,"minecraft:air":0},"minecraft:custom":{"minecraft:time_since_rest":17280,"minecraft:interact_with_furnace":5,"minecraft:sprint_one_cm":33776,"minecraft:walk_one_cm":51871,"minecraft:damage_taken":40,"minecraft:mob_kills":6,"minecraft:drop":7,"minecraft:damage_dealt":706,"minecraft:swim_one_cm":643,"minecraft:interact_with_crafting_table":6,"minecraft:fly_one_cm":15477,"minecraft:play_time":17280,"minecraft:sneak_time":28,"minecraft:walk_under_water_one_cm":1582,"minecraft:jump":188,"minecraft:walk_on_water_one_cm":1338,"minecraft:time_since_death":17280,"minecraft:total_world_time":17280,"minecraft:fall_one_cm":3594}},"DataVersion":2975}