{"stats":{"minecraft:mined":{"minecraft:grass_block":1,"minecraft:gravel":1,"minecraft:birch_log":7,"minecraft:stone":33,"minecraft:birch_leaves":1,"minecraft:crafting_table":1,"immersive_weathering:birch_leaf_pile":1},"minecraft:picked_up":{"minecraft:birch_log":7,"minecraft:crafting_table":1,"minecraft:gravel":1,"minecraft:dirt":1,"minecraft:cobblestone":33},"minecraft:used":{"minecraft:wooden_axe":4,"minecraft:crafting_table":2,"minecraft:stone_pickaxe":19,"minecraft:wooden_pickaxe":14},"minecraft:crafted":{"minecraft:birch_planks":28,"minecraft:stone_axe":3,"minecraft:crafting_table":1,"minecraft:stick":20,"minecraft:stone_pickaxe":4,"minecraft:wooden_pickaxe":1,"minecraft:wooden_axe":1},"minecraft:custom":{"minecraft:time_since_rest":5280,"minecraft:play_time":5280,"minecraft:sprint_one_cm":1038,"minecraft:walk_one_cm":9464,"minecraft:jump":34,"minecraft:time_since_death":5280,"minecraft:total_world_time":5280,"minecraft:fall_one_cm":269,"minecraft:interact_with_crafting_table":5,"minecraft:fly_one_cm":590}},"DataVersion":2975}