{"stats":{"minecraft:dropped":{"byg:biomepedia":1},"minecraft:mined":{"minecraft:grass":1,"minecraft:grass_block":3,"minecraft:dirt":3,"minecraft:birch_log":19,"minecraft:stone":30,"minecraft:andesite":3,"immersive_weathering:birch_leaf_pile":4},"minecraft:picked_up":{"minecraft:birch_log":19,"byg:biomepedia":1,"minecraft:andesite":3,"minecraft:leather":4,"minecraft:stone_axe":1,"minecraft:stone_pickaxe":1,"minecraft:gunpowder":2,"minecraft:birch_sapling":1,"minecraft:dirt":6,"minecraft:cobblestone":30},"minecraft:killed":{"minecraft:cow":2},"minecraft:used":{"minecraft:stone_axe":32,"minecraft:dirt":6,"minecraft:cobblestone":23,"minecraft:stone_pickaxe":37,"minecraft:andesite":3,"minecraft:cooked_mutton":1},"minecraft:crafted":{"minecraft:birch_planks":16,"minecraft:cooked_mutton":2},"minecraft:custom":{"minecraft:time_since_rest":9081,"minecraft:play_time":9081,"minecraft:crouch_one_cm":928,"minecraft:interact_with_furnace":2,"minecraft:sprint_one_cm":19855,"minecraft:damage_taken":130,"minecraft:walk_one_cm":41653,"minecraft:sneak_time":227,"minecraft:walk_under_water_one_cm":951,"minecraft:mob_kills":5,"minecraft:drop":1,"minecraft:jump":150,"minecraft:damage_dealt":590,"minecraft:walk_on_water_one_cm":1149,"minecraft:time_since_death":9081,"minecraft:total_world_time":9081,"minecraft:interact_with_crafting_table":1,"minecraft:fall_one_cm":2481,"minecraft:fly_one_cm":22404}},"DataVersion":2975}