{"stats":{"minecraft:mined":{"minecraft:tuff":2,"minecraft:torch":4,"immersive_weathering:birch_leaf_pile":4,"minecraft:grass_block":3,"minecraft:copper_ore":12,"minecraft:diorite":16,"minecraft:wall_torch":5,"minecraft:birch_planks":5,"minecraft:birch_log":19,"minecraft:iron_ore":12,"minecraft:andesite":35,"minecraft:grass":1,"minecraft:coal_ore":36,"minecraft:deepslate_iron_ore":3,"minecraft:gravel":10,"minecraft:dirt":3,"minecraft:stone":74},"minecraft:dropped":{"byg:biomepedia":1,"minecraft:birch_planks":12,"minecraft:stone_sword":1,"minecraft:pumpkin_seeds":1,"minecraft:torch":1,"minecraft:stone_pickaxe":1},"minecraft:picked_up":{"minecraft:birch_log":19,"minecraft:crafting_table":1,"minecraft:cooked_beef":3,"minecraft:andesite":33,"minecraft:leather":4,"minecraft:birch_planks":15,"minecraft:tuff":2,"minecraft:gunpowder":2,"minecraft:dirt":6,"minecraft:raw_copper":37,"minecraft:bone":3,"minecraft:stone_pickaxe":2,"magistuarmory:steel_heatershield":1,"minecraft:birch_sapling":1,"minecraft:raw_iron":14,"minecraft:torch":12,"minecraft:gravel":14,"minecraft:diorite":15,"byg:biomepedia":1,"minecraft:pumpkin_seeds":1,"minecraft:arrow":2,"minecraft:rotten_flesh":2,"magistuarmory:steel_ingot":1,"minecraft:stone_axe":1,"minecraft:bone_meal":2,"minecraft:oak_sapling":1,"minecraft:coal":36,"minecraft:cobblestone":81},"minecraft:killed":{"changed:latex_squirrel":2,"minecraft:skeleton":1,"minecraft:zombie":1,"changed:latex_raccoon":1,"minecraft:cow":2},"minecraft:broken":{"minecraft:stone_pickaxe":1},"minecraft:used":{"minecraft:cooked_mutton":2,"quark:birch_chest":1,"minecraft:stone_sword":26,"minecraft:birch_planks":43,"minecraft:stone_pickaxe":164,"minecraft:rotten_flesh":2,"minecraft:torch":32,"minecraft:dirt":6,"minecraft:crafting_table":1,"minecraft:iron_pickaxe":34,"minecraft:gravel":14,"minecraft:stone_axe":49,"minecraft:cobblestone":47,"minecraft:furnace":1,"minecraft:andesite":33,"minecraft:birch_log":2,"minecraft:cooked_beef":3},"minecraft:crafted":{"magistuarmory:steel_nugget":9,"quark:birch_chest":1,"minecraft:iron_nugget":9,"minecraft:crafting_table":1,"magistuarmory:steel_chain":2,"minecraft:furnace":1,"magistuarmory:copper_chivalrylance":1,"minecraft:copper_ingot":24,"minecraft:birch_planks":68,"minecraft:cooked_mutton":2,"minecraft:air":0,"magistuarmory:hilt":6,"minecraft:stick":24,"minecraft:iron_ingot":9,"minecraft:iron_pickaxe":1,"minecraft:stone_pickaxe":1,"minecraft:stone_sword":1,"magistuarmory:pole":1,"magistuarmory:iron_chainmorgenstern":1,"magistuarmory:steel_ring":8,"minecraft:torch":36,"magistuarmory:leather_strip":6},"minecraft:custom":{"minecraft:interact_with_furnace":19,"minecraft:mob_kills":9,"minecraft:interact_with_crafting_table":17,"minecraft:leave_game":1,"minecraft:time_since_death":44132,"minecraft:time_since_rest":44132,"minecraft:sprint_one_cm":68754,"minecraft:damage_taken":445,"minecraft:walk_one_cm":133365,"minecraft:drop":6,"minecraft:damage_dealt":1646,"minecraft:swim_one_cm":137,"minecraft:fly_one_cm":73840,"minecraft:open_chest":1,"minecraft:crouch_one_cm":7736,"minecraft:play_time":44132,"minecraft:sneak_time":2088,"minecraft:walk_under_water_one_cm":4512,"minecraft:jump":658,"minecraft:interact_with_blast_furnace":1,"minecraft:walk_on_water_one_cm":3067,"minecraft:total_world_time":44132,"minecraft:fall_one_cm":16573}},"DataVersion":2975}