{"stats":{"minecraft:mined":{"minecraft:tuff":2,"minecraft:deepslate_diamond_ore":3,"minecraft:granite":3,"minecraft:torch":9,"immersive_weathering:birch_leaf_pile":5,"minecraft:grass_block":6,"minecraft:cobblestone":4,"minecraft:copper_ore":12,"minecraft:deepslate_gold_ore":1,"minecraft:diorite":16,"minecraft:wall_torch":11,"minecraft:birch_planks":5,"minecraft:birch_log":36,"minecraft:iron_ore":20,"minecraft:birch_leaves":1,"minecraft:andesite":35,"minecraft:grass":3,"minecraft:coal_ore":39,"minecraft:deepslate_iron_ore":3,"minecraft:gravel":15,"minecraft:dirt":9,"minecraft:stone":195},"minecraft:dropped":{"byg:biomepedia":1,"minecraft:birch_planks":12,"minecraft:stone_sword":1,"minecraft:tuff":2,"minecraft:birch_sapling":1,"minecraft:raw_iron":8,"minecraft:pumpkin_seeds":1,"minecraft:diorite":15,"minecraft:torch":1,"minecraft:oak_sapling":1,"minecraft:stone_pickaxe":1,"minecraft:birch_log":9},"minecraft:picked_up":{"minecraft:birch_log":57,"minecraft:crafting_table":2,"minecraft:cooked_beef":3,"minecraft:andesite":33,"minecraft:leather":18,"minecraft:birch_planks":18,"minecraft:flint":1,"minecraft:tuff":2,"minecraft:gunpowder":6,"minecraft:dirt":16,"minecraft:raw_copper":37,"minecraft:cooked_mutton":1,"minecraft:bone":3,"minecraft:gold_nugget":18,"minecraft:beef":12,"minecraft:stone_pickaxe":2,"magistuarmory:steel_heatershield":3,"minecraft:iron_pickaxe":2,"minecraft:birch_sapling":2,"minecraft:stick":4,"minecraft:raw_iron":22,"minecraft:torch":26,"minecraft:dropper":1,"magistuarmory:iron_chainmorgenstern":1,"minecraft:gravel":29,"minecraft:porkchop":4,"minecraft:diorite":15,"magistuarmory:copper_chivalrylance":2,"byg:biomepedia":1,"minecraft:pumpkin_seeds":1,"minecraft:arrow":6,"minecraft:rotten_flesh":13,"magistuarmory:steel_ingot":1,"minecraft:diamond":6,"minecraft:stone_axe":3,"minecraft:granite":9,"minecraft:bone_meal":4,"minecraft:gold_ingot":17,"minecraft:oak_sapling":1,"minecraft:obsidian":1,"minecraft:coal":39,"minecraft:cobblestone":388},"minecraft:killed":{"changed:latex_squirrel":2,"mozombies_wave:zombie_king":2,"minecraft:pig":1,"minecraft:creeper":1,"minecraft:skeleton":1,"mozombies_wave:zombie_pa":2,"minecraft:zombie":4,"changed:latex_raccoon":1,"minecraft:drowned":1,"mozombies_wave:zombie_pirate":5,"minecraft:cow":4},"minecraft:broken":{"minecraft:stone_pickaxe":2},"minecraft:used":{"minecraft:cooked_mutton":2,"quark:birch_chest":1,"minecraft:stone_sword":26,"minecraft:birch_planks":44,"minecraft:stone_pickaxe":234,"minecraft:rotten_flesh":3,"minecraft:torch":56,"minecraft:dirt":6,"minecraft:crafting_table":2,"magistuarmory:iron_chainmorgenstern":51,"minecraft:iron_pickaxe":107,"minecraft:gravel":14,"magistuarmory:steel_heatershield":1,"minecraft:stone_axe":67,"minecraft:cobblestone":71,"minecraft:furnace":1,"minecraft:andesite":33,"minecraft:birch_log":2,"alexsmobs:animal_dictionary":3,"minecraft:cooked_beef":3},"minecraft:crafted":{"magistuarmory:steel_nugget":9,"quark:birch_chest":1,"minecraft:iron_nugget":9,"minecraft:crafting_table":1,"magistuarmory:steel_chain":2,"minecraft:furnace":1,"magistuarmory:copper_chivalrylance":1,"minecraft:copper_ingot":31,"minecraft:birch_planks":72,"minecraft:stone_axe":1,"minecraft:cooked_mutton":2,"minecraft:air":0,"magistuarmory:hilt":6,"minecraft:stick":32,"minecraft:iron_ingot":9,"minecraft:iron_pickaxe":1,"minecraft:stone_pickaxe":1,"minecraft:stone_sword":1,"magistuarmory:pole":1,"magistuarmory:iron_chainmorgenstern":1,"magistuarmory:steel_ring":8,"minecraft:torch":36,"magistuarmory:leather_strip":6},"minecraft:custom":{"minecraft:interact_with_furnace":27,"minecraft:mob_kills":26,"minecraft:interact_with_crafting_table":27,"minecraft:leave_game":1,"minecraft:time_since_death":3634,"minecraft:time_since_rest":3661,"minecraft:sprint_one_cm":133165,"minecraft:damage_taken":1730,"minecraft:walk_one_cm":189760,"minecraft:damage_blocked_by_shield":40,"minecraft:drop":20,"minecraft:damage_dealt":4495,"minecraft:swim_one_cm":5287,"minecraft:fly_one_cm":145739,"minecraft:open_chest":7,"minecraft:crouch_one_cm":10812,"minecraft:play_time":68132,"minecraft:deaths":2,"minecraft:sneak_time":3367,"minecraft:walk_under_water_one_cm":9149,"minecraft:jump":1132,"minecraft:interact_with_blast_furnace":2,"minecraft:walk_on_water_one_cm":14952,"minecraft:total_world_time":68132,"minecraft:fall_one_cm":29722},"minecraft:killed_by":{"minecraft:skeleton":2}},"DataVersion":2975}