{"stats":{"minecraft:mined":{"minecraft:tuff":2,"minecraft:granite":3,"minecraft:torch":9,"immersive_weathering:birch_leaf_pile":5,"minecraft:grass_block":6,"minecraft:cobblestone":2,"minecraft:copper_ore":12,"minecraft:diorite":16,"minecraft:wall_torch":11,"minecraft:birch_planks":5,"minecraft:birch_log":36,"minecraft:iron_ore":20,"minecraft:birch_leaves":1,"minecraft:andesite":35,"minecraft:grass":1,"minecraft:coal_ore":39,"minecraft:deepslate_iron_ore":3,"minecraft:gravel":15,"minecraft:dirt":9,"minecraft:stone":195},"minecraft:dropped":{"byg:biomepedia":1,"minecraft:birch_planks":12,"minecraft:stone_sword":1,"minecraft:tuff":2,"minecraft:birch_sapling":1,"minecraft:raw_iron":8,"minecraft:pumpkin_seeds":1,"minecraft:diorite":15,"minecraft:torch":1,"minecraft:oak_sapling":1,"minecraft:stone_pickaxe":1},"minecraft:picked_up":{"minecraft:birch_log":38,"minecraft:crafting_table":1,"minecraft:cooked_beef":3,"minecraft:andesite":33,"minecraft:leather":4,"minecraft:birch_planks":15,"minecraft:flint":1,"minecraft:tuff":2,"minecraft:gunpowder":2,"minecraft:dirt":15,"minecraft:raw_copper":37,"minecraft:bone":3,"minecraft:beef":4,"minecraft:stone_pickaxe":2,"magistuarmory:steel_heatershield":1,"minecraft:birch_sapling":2,"minecraft:raw_iron":22,"minecraft:torch":23,"minecraft:gravel":29,"minecraft:porkchop":2,"minecraft:diorite":15,"byg:biomepedia":1,"minecraft:pumpkin_seeds":1,"minecraft:arrow":2,"minecraft:rotten_flesh":3,"magistuarmory:steel_ingot":1,"minecraft:stone_axe":1,"minecraft:granite":3,"minecraft:bone_meal":2,"minecraft:gold_ingot":6,"minecraft:oak_sapling":1,"minecraft:coal":39,"minecraft:cobblestone":204},"minecraft:killed":{"changed:latex_squirrel":2,"mozombies_wave:zombie_king":2,"minecraft:pig":1,"minecraft:creeper":1,"minecraft:skeleton":1,"minecraft:zombie":2,"changed:latex_raccoon":1,"minecraft:cow":4},"minecraft:broken":{"minecraft:stone_pickaxe":2},"minecraft:used":{"minecraft:cooked_mutton":2,"quark:birch_chest":1,"minecraft:stone_sword":26,"minecraft:birch_planks":43,"minecraft:stone_pickaxe":234,"minecraft:rotten_flesh":2,"minecraft:torch":54,"minecraft:dirt":6,"minecraft:crafting_table":1,"magistuarmory:iron_chainmorgenstern":17,"minecraft:iron_pickaxe":101,"minecraft:gravel":14,"minecraft:stone_axe":67,"minecraft:cobblestone":59,"minecraft:furnace":1,"minecraft:andesite":33,"minecraft:birch_log":2,"alexsmobs:animal_dictionary":3,"minecraft:cooked_beef":3},"minecraft:crafted":{"magistuarmory:steel_nugget":9,"quark:birch_chest":1,"minecraft:iron_nugget":9,"minecraft:crafting_table":1,"magistuarmory:steel_chain":2,"minecraft:furnace":1,"magistuarmory:copper_chivalrylance":1,"minecraft:copper_ingot":31,"minecraft:birch_planks":68,"minecraft:cooked_mutton":2,"minecraft:air":0,"magistuarmory:hilt":6,"minecraft:stick":24,"minecraft:iron_ingot":9,"minecraft:iron_pickaxe":1,"minecraft:stone_pickaxe":1,"minecraft:stone_sword":1,"magistuarmory:pole":1,"magistuarmory:iron_chainmorgenstern":1,"magistuarmory:steel_ring":8,"minecraft:torch":36,"magistuarmory:leather_strip":6},"minecraft:custom":{"minecraft:interact_with_furnace":24,"minecraft:mob_kills":16,"minecraft:interact_with_crafting_table":22,"minecraft:leave_game":1,"minecraft:time_since_death":56132,"minecraft:time_since_rest":56132,"minecraft:sprint_one_cm":91738,"minecraft:damage_taken":560,"minecraft:walk_one_cm":165379,"minecraft:drop":11,"minecraft:damage_dealt":2862,"minecraft:swim_one_cm":137,"minecraft:fly_one_cm":81189,"minecraft:open_chest":4,"minecraft:crouch_one_cm":8926,"minecraft:play_time":56132,"minecraft:sneak_time":2716,"minecraft:walk_under_water_one_cm":4512,"minecraft:jump":801,"minecraft:interact_with_blast_furnace":2,"minecraft:walk_on_water_one_cm":3067,"minecraft:total_world_time":56132,"minecraft:fall_one_cm":17051}},"DataVersion":2975}