{"stats":{"minecraft:mined":{"minecraft:birch_planks":3,"minecraft:birch_log":19,"minecraft:andesite":33,"minecraft:torch":4,"immersive_weathering:birch_leaf_pile":4,"minecraft:grass":1,"minecraft:grass_block":3,"minecraft:coal_ore":2,"minecraft:gravel":10,"minecraft:dirt":3,"minecraft:copper_ore":8,"minecraft:stone":69,"minecraft:diorite":16,"minecraft:wall_torch":3},"minecraft:dropped":{"byg:biomepedia":1,"minecraft:stone_pickaxe":1},"minecraft:picked_up":{"minecraft:birch_log":19,"minecraft:crafting_table":1,"minecraft:cooked_beef":3,"minecraft:andesite":31,"minecraft:leather":4,"minecraft:torch":9,"minecraft:gravel":14,"minecraft:birch_planks":1,"minecraft:diorite":15,"minecraft:gunpowder":2,"minecraft:dirt":6,"minecraft:raw_copper":31,"byg:biomepedia":1,"minecraft:bone":2,"minecraft:arrow":1,"minecraft:rotten_flesh":2,"minecraft:stone_axe":1,"minecraft:stone_pickaxe":2,"minecraft:birch_sapling":1,"minecraft:coal":2,"minecraft:cobblestone":75},"minecraft:killed":{"minecraft:zombie":1,"minecraft:cow":2},"minecraft:broken":{"minecraft:stone_pickaxe":1},"minecraft:used":{"minecraft:cooked_mutton":2,"minecraft:birch_planks":10,"minecraft:stone_pickaxe":136,"minecraft:rotten_flesh":2,"minecraft:torch":13,"minecraft:stone_axe":46,"minecraft:dirt":6,"minecraft:cobblestone":29,"minecraft:crafting_table":1,"minecraft:birch_log":2,"minecraft:andesite":3,"minecraft:cooked_beef":1},"minecraft:crafted":{"minecraft:crafting_table":1,"minecraft:stick":12,"minecraft:stone_pickaxe":1,"minecraft:stone_sword":1,"minecraft:torch":8,"minecraft:birch_planks":68,"minecraft:cooked_mutton":2},"minecraft:custom":{"minecraft:time_since_rest":21081,"minecraft:interact_with_furnace":2,"minecraft:sprint_one_cm":25685,"minecraft:damage_taken":330,"minecraft:walk_one_cm":76641,"minecraft:mob_kills":6,"minecraft:drop":2,"minecraft:damage_dealt":857,"minecraft:interact_with_crafting_table":2,"minecraft:fly_one_cm":27065,"minecraft:crouch_one_cm":2833,"minecraft:play_time":21081,"minecraft:sneak_time":772,"minecraft:walk_under_water_one_cm":2986,"minecraft:jump":295,"minecraft:time_since_death":21081,"minecraft:walk_on_water_one_cm":2196,"minecraft:total_world_time":21081,"minecraft:fall_one_cm":7795}},"DataVersion":2975}