{"stats":{"minecraft:mined":{"minecraft:birch_planks":4,"minecraft:birch_log":19,"minecraft:iron_ore":5,"minecraft:andesite":35,"minecraft:torch":4,"immersive_weathering:birch_leaf_pile":4,"minecraft:grass":1,"minecraft:grass_block":3,"minecraft:coal_ore":30,"minecraft:gravel":10,"minecraft:dirt":3,"minecraft:copper_ore":12,"minecraft:stone":74,"minecraft:diorite":16,"minecraft:wall_torch":4},"minecraft:dropped":{"byg:biomepedia":1,"minecraft:birch_planks":12,"minecraft:stone_pickaxe":1,"minecraft:pumpkin_seeds":1},"minecraft:picked_up":{"minecraft:birch_log":19,"minecraft:crafting_table":1,"minecraft:raw_iron":4,"minecraft:cooked_beef":3,"minecraft:andesite":33,"minecraft:leather":4,"minecraft:torch":10,"minecraft:gravel":14,"minecraft:birch_planks":14,"minecraft:diorite":15,"minecraft:gunpowder":2,"minecraft:dirt":6,"minecraft:raw_copper":37,"byg:biomepedia":1,"minecraft:arrow":1,"minecraft:pumpkin_seeds":1,"minecraft:bone":2,"minecraft:rotten_flesh":2,"minecraft:stone_axe":1,"minecraft:stone_pickaxe":2,"minecraft:bone_meal":2,"minecraft:oak_sapling":1,"minecraft:birch_sapling":1,"minecraft:coal":30,"minecraft:cobblestone":81},"minecraft:killed":{"changed:latex_squirrel":2,"minecraft:zombie":1,"changed:latex_raccoon":1,"minecraft:cow":2},"minecraft:broken":{"minecraft:stone_pickaxe":1},"minecraft:used":{"minecraft:cooked_mutton":2,"minecraft:stone_sword":18,"minecraft:stone_pickaxe":164,"minecraft:birch_planks":33,"minecraft:iron_pickaxe":16,"minecraft:rotten_flesh":2,"minecraft:torch":26,"minecraft:stone_axe":47,"minecraft:dirt":6,"minecraft:cobblestone":29,"minecraft:crafting_table":1,"minecraft:furnace":1,"minecraft:birch_log":2,"minecraft:andesite":27,"minecraft:cooked_beef":3},"minecraft:crafted":{"minecraft:crafting_table":1,"minecraft:stick":16,"minecraft:iron_pickaxe":1,"minecraft:iron_ingot":3,"minecraft:stone_pickaxe":1,"minecraft:stone_sword":1,"minecraft:furnace":1,"minecraft:birch_planks":68,"minecraft:torch":36,"minecraft:air":0,"minecraft:cooked_mutton":2},"minecraft:custom":{"minecraft:time_since_rest":32132,"minecraft:sprint_one_cm":56548,"minecraft:interact_with_furnace":15,"minecraft:damage_taken":380,"minecraft:walk_one_cm":111136,"minecraft:mob_kills":8,"minecraft:drop":4,"minecraft:damage_dealt":1365,"minecraft:interact_with_crafting_table":6,"minecraft:fly_one_cm":58197,"minecraft:crouch_one_cm":5195,"minecraft:play_time":32132,"minecraft:sneak_time":1421,"minecraft:walk_under_water_one_cm":2986,"minecraft:jump":519,"minecraft:leave_game":1,"minecraft:time_since_death":32132,"minecraft:walk_on_water_one_cm":2196,"minecraft:total_world_time":32132,"minecraft:fall_one_cm":12888}},"DataVersion":2975}